<?xml version="1.0" encoding="UTF-8"?>
<project name="Documentation" default="doc">

    <dirname property="base.dir" file="${ant.file}"/>
    <property name="lib.dir" value="${base.dir}/lib/"/>
    <property name="doc.dir" value="${base.dir}/dist/javadoc/"/>
    <property environment="env"/>
    <echo message="JAVA_HOME is set to ${env.JAVA_HOME}. Make sure this uses JDK 6 or higher."/>

    <path id="source">
        <dirset dir="${base.dir}">
            <include name="src"/>
        </dirset>
    </path>

    <target name="doc">
        <delete dir="${doc.dir}"/>
        <mkdir dir="${doc.dir}"/>
        <javadoc
                bootclasspath="${env.JAVA_HOME}/jre/lib/rt.jar"
                doclet="com.google.doclava.Doclava"
                docletpath="${lib.dir}/doclava-1.0.6.jar"
                destdir="${doc.dir}"
                sourcepathref="source">
            <doclet name="com.google.doclava.Doclava">
                <param name="-hdf"/>
                <param name="project.name"/>
                <param name="Dialogue Partner Toolkit Client Library"/>
                <param name="-overview"/>
                <param name="doc_index.html"/>
                <!-- federation -->
                <param name="-federate" /><param name="JDK"/>
                <param name="http://download.oracle.com/javase/6/docs/api/index.html?"/>
                <param name="-federationxml"/><param name="JDK"/>
                <param name="http://doclava.googlecode.com/svn/static/api/openjdk-6.xml"/>
            </doclet>
        </javadoc>
    </target>

</project>